framework,control_family,control_id,category,title,criterion_text,points_of_focus,source_code_relevance,keywords,artifact_types,evidence_indicators,testing_approach,source_code_signal,severity
SOC2,CC6,CC6.1,Logical and Physical Access Controls,Logical Access Restrictions,"The entity implements logical access security software, infrastructure, and architectures over protected information assets to protect them from security events to meet the entity's objectives. Controls include user identification and authentication, network segmentation, and encryption.",Identifies and inventories information assets|Restricts logical access to information assets|Identifies and authenticates users prior to granting access|Considers network segmentation to isolate sensitive systems|Manages credentials and authentication infrastructure|Protects encryption keys and other credentials from unauthorized use,"Look for: authentication middleware, JWT/session validation, RBAC enforcement, MFA checks, network segmentation config, TLS enforcement, environment-based access gating.",authentication|rbac|jwt|mfa|session|access_control|middleware|authorize|permissions|least_privilege|network_segment,source_code|config,jwt.verify|verifyToken|checkPermission|@RoleRequired|requireAuth|mfa_required|algorithms: ['RS256']|allowedOrigins|helmet(),"Confirm auth middleware on protected routes, RBAC enforced at service layer, MFA conditional logic present, JWT validated for issuer and expiry.",high,critical
SOC2,CC6,CC6.2,Logical and Physical Access Controls,User Provisioning and Deprovisioning,"Prior to issuing system credentials and granting system access, the entity registers and authorizes new internal and external users. For those users whose access is administered by the entity, user system credentials are removed when user access is no longer authorized.",Controls access credentials based on authorization|Removes access when user is no longer authorized|Reviews appropriateness of access on a periodic basis|Restricts access to register and authorize new users|Manages credentials for external parties including vendors and partners,"Look for: user registration flows, account creation API, account deactivation/deletion logic, access revocation on offboarding triggers, role assignment at creation time.",user_registration|account_creation|deactivate_user|revoke_access|delete_account|offboarding|role_assignment|user_provisioning,source_code,createUser|deactivateUser|revokeToken|deleteAccount|user.is_active = false|account_status: 'disabled'|removeRole|suspendUser,Confirm code paths exist for both user creation with role assignment and access revocation/deactivation on termination events.,high,high
SOC2,CC6,CC6.3,Logical and Physical Access Controls,Role-Based Access and Least Privilege,"The entity authorizes, modifies, or removes access to data, software, functions, and other protected information assets based on roles, responsibilities, or the system design and related policies, maintaining least privilege and segregation of duties principles.",Creates and maintains defined access roles for authorized users|Implements role-based access controls restricting access to authorized functions|Maintains segregation of duties preventing single person control over critical processes|Reviews access roles periodically and adjusts as business needs change|Restricts privileged access to authorized users,"Look for: RBAC implementations, permission checks on routes, role definitions, IaC IAM policies with bounded action sets, admin vs user segregation.",rbac|least_privilege|role|permission|scope|segregation_of_duties|iam_policy|policy_document|access_level|admin_role,source_code|config,role: 'admin'|role: 'viewer'|hasPermission|Action: ['s3:GetObject']|Effect: Allow|minimumRole|checkRole|scope: ['read']|requireAdmin,"Verify role definitions are narrowly scoped, admin functions are gated, IaC IAM policies avoid wildcard actions like Action: '*'.",high,high
SOC2,CC6,CC6.4,Logical and Physical Access Controls,Physical Access Restrictions,"The entity restricts physical access to facilities and protected information assets (for example, data center equipment, backup media) to authorized personnel to meet the entity's objectives.",Restricts physical access to facilities and protected assets to authorized individuals|Manages physical access to hardware devices and equipment|Controls visitor access with escort and logging requirements|Maintains physical access logs for sensitive areas,Minimal source code signal. Cloud-hosted orgs inherit physical controls from their CSP. May find cloud region/provider configs. Flag for manual reviewer.,datacenter|physical_access|facility|cloud_region|colocation|cloud_provider,config,region: us-east-1|cloud_provider|aws|gcp|azure|datacenter|colocation,For cloud-hosted systems confirm cloud provider is named (physical controls inherited). Flag any self-hosted infra for manual reviewer follow-up.,none,high
SOC2,CC6,CC6.5,Logical and Physical Access Controls,Data Disposal and Asset Decommissioning,The entity discontinues logical and physical protections over physical assets only after the ability to read or recover information from those assets has been diminished and is no longer required to meet the entity's objectives.,Removes data from assets scheduled for disposal using industry-standard processes|Protects assets slated for disposal until data is no longer recoverable|Documents disposal procedures for physical and logical media|Implements automated deletion schedules aligned to data classification,"Look for: data deletion/purge jobs, retention policy constants, anonymization logic on user termination, scheduled cleanup cron jobs.",data_deletion|purge|wipe|retention_policy|anonymize|decommission|scheduled_deletion|data_lifecycle,source_code,deleteUserData|purgeRecords|anonymize_pii|retention_days|scheduled_deletion|wipeData|cron|RETENTION_PERIOD,"Look for scheduled data purge jobs, user account deletion logic, anonymization functions tied to retention policy constants.",low,medium
SOC2,CC6,CC6.6,Logical and Physical Access Controls,Boundary Protection Against External Threats,"The entity implements logical access security measures to protect against threats from sources outside its system boundaries, including identifying and managing vulnerabilities, monitoring unauthorized access attempts, and enforcing additional authentication for external access.",Restricts access to information assets from external sources using firewalls or other boundary protection|Protects identification and authentication credentials from external threats|Monitors system boundaries for unauthorized access attempts|Enforces additional authentication requirements for external access|Manages boundary protection of subservice organizations,"Look for: CORS policy config, rate limiting middleware, API gateway and WAF configs, network security group ingress rules in IaC, TLS termination, HTTP-to-HTTPS redirect.",firewall|cors|rate_limit|api_gateway|waf|ingress|network_policy|https_redirect|tls_termination|allowedOrigins,source_code|config,cors({origin:})|rateLimiter|from_port: 443|cidr_blocks|WAFWebACL|app.use(helmet)|allowedOrigins|REDIRECT|protocol: HTTPS|rateLimit(,"Confirm CORS origins are explicitly allowlisted, rate limiting is on public endpoints, network ingress rules restrict open ports, HTTP redirects to HTTPS.",high,high
SOC2,CC6,CC6.7,Logical and Physical Access Controls,Secure Data Transmission and Movement,"The entity restricts the transmission, movement, and removal of information to authorized internal and external users and processes, and protects it during transmission, movement, or removal to meet the entity's objectives.",Restricts the ability to perform data transmission to authorized users|Encrypts personal and sensitive data during transmission using TLS 1.2 or higher|Protects mobile devices used to transmit and store sensitive data|Prevents unauthorized removal of information from the system boundaries|Enforces secure cookie attributes on session tokens,"Look for: TLS version enforcement, HTTPS-only configs, SSL on DB connections, cookie security flags (HttpOnly, Secure, SameSite), secret scanning for exposed keys in transit.",tls|https|ssl|encrypt_transit|sslmode|secure_cookie|httponly|samesite|db_ssl|rejectUnauthorized|minVersion|tls1_2,source_code|config,minVersion: 'TLSv1.2'|rejectUnauthorized: true|sslmode=require|httpOnly: true|secure: true|sameSite: 'strict'|HTTPS|encrypt=true|ssl_required,"Verify TLS minimum version in HTTP client configs, DB connections require SSL, cookies set with HttpOnly+Secure+SameSite, no plaintext secrets in code.",high,critical
SOC2,CC6,CC6.8,Logical and Physical Access Controls,Prevention of Unauthorized or Malicious Software,The entity implements controls to prevent or detect and act upon the introduction of unauthorized or malicious software to meet the entity's objectives.,Detects unauthorized or malicious software through scanning procedures|Monitors system components for the introduction of unauthorized software|Implements allowlisting or other controls to prevent execution of unauthorized software|Scans third-party software and dependencies for known vulnerabilities before use|Protects detection tools from unauthorized access or disabling,"Look for: SAST tools in CI/CD YAML, SCA/dependency scanning steps, lock files committed, Dockerfile base image pinning, artifact integrity checks, pre-commit hooks.",sast|sca|dependency_scan|semgrep|codeql|snyk|npm_audit|pip_audit|trivy|lockfile|package_lock|dockerfile|pre_commit,source_code|config,uses: github/codeql-action|snyk test|npm audit|pip-audit|trivy|semgrep|package-lock.json|yarn.lock|FROM node:20-alpine|--production|.pre-commit-config.yaml,"Confirm SAST step in CI pipeline YAML, SCA scan runs before deploy, base images are pinned not 'latest', lock files are committed to repo.",high,high
SOC2,CC7,CC7.1,System Operations,Vulnerability Detection and Management,"To meet its objectives, the entity uses detection and monitoring procedures to identify (1) changes to configurations that result in the introduction of new vulnerabilities, and (2) susceptibilities to newly discovered vulnerabilities.",Uses a defined vulnerability management program to identify and remediate vulnerabilities|Monitors industry sources for new vulnerabilities and threats|Performs vulnerability scanning on system components|Implements penetration testing to identify and assess vulnerabilities|Prioritizes vulnerabilities based on risk for timely remediation,"Look for: Dependabot or Renovate config, scheduled security scan configs, CVE scan integrations in CI/CD, pinned dependency versions, CVSS threshold gates.",vulnerability|dependabot|renovate|cve|nvd|security_scan|pip_audit|npm_audit|snyk|trivy|grype|cvss,source_code|config,.github/dependabot.yml|renovate.json|snyk test|trivy image|grype|npm audit --audit-level|security_scan|CRITICAL|HIGH vulnerability|fail_on_severity,"Confirm automated dependency update or vulnerability scan config exists, CI pipeline fails on high/critical CVEs, scan results are captured as build artifacts.",high,high
SOC2,CC7,CC7.2,System Operations,Security Event Monitoring and Alerting,"The entity monitors system components and the operation of those components for anomalies that are indicative of malicious acts, natural disasters, and errors affecting the entity's ability to meet its objectives, and generates alerts when such anomalies are detected.","Implements detection policies that define the frequency and method of monitoring|Monitors infrastructure and software for anomalous behavior|Monitors for unauthorized access attempts and unusual access patterns|Implements threshold-based alerts for security-relevant events|Generates audit records including system components, user identification, and actions taken","Look for: structured audit logging on auth events, centralized log forwarding config, alerting definitions in IaC, failed login attempt logging, security event triggers.",audit_log|monitoring|alert|security_event|failed_login|anomaly|cloudwatch|datadog|sentry|structured_log|log_forwarding|winston|pino,source_code|config,logger.warn('Failed login')|auditLog|MetricName|Threshold|log_driver: awslogs|winston.createLogger|json()|userId in log|alert_on_failure|security_event,"Verify audit log calls on auth events (login, logout, failed attempts, privilege changes), logs output structured JSON, log forwarding config points to centralized sink.",high,high
SOC2,CC7,CC7.3,System Operations,Security Incident Evaluation and Classification,"The entity evaluates security events to determine whether they could or have resulted in a failure of the entity to meet its objectives (security incidents) and, if so, takes actions to prevent or address such failures.",Evaluates security events using defined classification criteria|Identifies whether a security event constitutes a security incident|Applies a defined incident classification tier to prioritize response|Communicates identified incidents to appropriate parties|Captures sufficient context in event records to support incident classification,"Look for: incident classification logic, severity tier constants, escalation code in exception handlers, PagerDuty/Opsgenie integration, error severity mapping.",incident|severity_tier|escalate|pagerduty|opsgenie|critical_alert|error_classification|sentry|exception_handler|incident_response,source_code|config,severity: 'critical'|pagerduty.trigger|opsgenie|escalate_incident|catch(SecurityException)|incident_response|sentry.captureException|SEVERITY_LEVELS,"Confirm error handlers classify security failures distinctly, critical errors trigger external alerting integration, severity tier constants are defined in code.",medium,high
SOC2,CC7,CC7.4,System Operations,Incident Response Procedures,The entity responds to identified security incidents by: executing an incident response program; communicating with affected parties; performing root cause analysis; and implementing remediation to prevent future incidents.,Assigns roles and responsibilities for incident response|Communicates incident status and response actions to affected parties|Executes defined incident response procedures including containment and eradication|Performs root cause analysis after incident resolution|Implements changes to prevent recurrence of security incidents,"Low signal in raw source code. May find incident runbook docs, notification webhook code, post-mortem templates, or automated remediation scripts in repo.",incident_response|runbook|postmortem|remediation|notify|webhook|breach_notification|on_call|escalation_path,source_code|config,RUNBOOK.md|incident_response.md|postmortem|notifySecurityTeam|breach_notification|remediation_script|webhook_url|on_call,"Check for incident runbook documentation in repo, webhook/notification code for security events, automated remediation scripts.",low,high
SOC2,CC7,CC7.5,System Operations,Incident Recovery and Post-Incident Activity,"The entity identifies, develops, and implements activities to recover from identified security incidents and improve the information security program to prevent future incidents.",Executes defined recovery procedures to restore systems to normal operation|Tests and validates recovery procedures periodically|Communicates post-incident lessons learned to improve controls|Implements improvements identified through post-incident review|Maintains backup and restoration capabilities to support recovery,"Look for: backup and recovery configs, health check endpoints, database backup schedules in IaC, restore scripts, availability probe configs, DR runbooks.",backup|restore|recovery|health_check|liveness_probe|readiness_probe|snapshot|backup_retention|disaster_recovery|rto|rpo,source_code|config,app.get('/health'|/readyz|/livez|backup_retention_period|preferred_backup_window|restore_from_snapshot|multi_az: true|replica_region|DR_RUNBOOK,"Confirm health check endpoint exists, backup retention config is present in IaC, restore procedure documented or scripted in repo.",medium,high
SOC2,CC8,CC8.1,Change Management,Authorized and Tested System Changes,"The entity authorizes, designs, develops or acquires, configures, documents, tests, approves, and implements changes to infrastructure, data, software, and procedures to meet its change management objectives.",Manages changes through a defined change management process|Authorizes changes before implementation including patches and updates|Tests system changes prior to deployment using defined testing procedures|Tracks and approves infrastructure-as-code changes through version control|Deploys to production only through authorized automated pipelines|Prevents unauthorized access to program source code,"Look for: branch protection requiring PR approvals, CI/CD pipeline definitions with required test and scan gates, environment promotion requiring approval, version tagging, code owner rules.",branch_protection|pull_request|code_review|required_approvals|ci_cd|pipeline|github_actions|workflow|deploy_gate|environment_promotion|codeowners,source_code|config,required_approving_review_count: 1|require_code_owner_reviews|on: pull_request|jobs: test|needs: test|environment: production|approval_required|CODEOWNERS,"Confirm branch protection enforces >= 1 reviewer, CI workflow has test step that must pass before deploy, production environment has manual approval gate.",high,high
SOC2,CC9,CC9.1,Risk Mitigation,Business Disruption Risk Mitigation,"The entity identifies, selects, and develops risk mitigation activities for risks arising from potential business disruptions.",Considers options for risk mitigation for risks arising from business disruption|Implements controls to reduce the impact of business disruption events|Maintains and tests contingency plans to recover from disruptions|Implements resilience patterns including redundancy and failover|Monitors availability metrics against defined thresholds,"Look for: circuit breaker patterns, retry logic with backoff, graceful shutdown handlers, fallback service configs, autoscaling and multi-AZ in IaC.",circuit_breaker|retry|backoff|fallback|graceful_shutdown|resilience|redundancy|autoscaling|multi_az|health_probe|failover,source_code|config,CircuitBreaker|retry(maxAttempts|exponentialBackoff|process.on('SIGTERM')|gracefulShutdown|min_capacity: 2|multi_az: true|failover|HealthCheck|desired_capacity,"Check for retry/backoff on external calls, graceful shutdown signal handling, autoscaling config with min > 1, multi-AZ or redundancy flags in IaC.",medium,high
SOC2,CC9,CC9.2,Risk Mitigation,Vendor and Third-Party Risk Management,The entity assesses and manages risks associated with vendors and business partners. The entity establishes requirements for third parties and monitors their compliance with those requirements.,Establishes requirements for vendor and business partner security|Assesses vendor compliance with entity security requirements before engagement|Inventories third-party software components and their known vulnerabilities|Pins and locks third-party dependency versions to prevent supply chain attacks|Monitors for known-malicious or deprecated packages in dependency trees,"Look for: dependency manifest files (package.json, requirements.txt), pinned versions vs floating ranges, lock files committed to repo, third-party API call patterns, env-injected vendor credentials.",dependencies|third_party|vendor|package_json|requirements_txt|go_mod|lock_file|supply_chain|pinned_version|subprocessor,source_code|config,"package.json|requirements.txt|go.mod|Gemfile|package-lock.json|yarn.lock|""version"": ""^|dependencies:|VENDOR_KEY|third_party_api|pip freeze","Confirm lock files committed, versions are pinned or bounded, third-party credentials are env vars not hardcoded, no obvious deprecated packages.",high,medium
SOC2,A1,A1.1,Availability,Capacity and Performance Management,"The entity maintains, monitors, and evaluates current processing capacity and use of system components to manage capacity demand and to enable the implementation of additional capacity to help meet its objectives.",Measures current usage levels of system capacity to identify deviations from expected levels|Forecasts capacity needs to support future demand|Implements plans to increase capacity when demand approaches thresholds|Monitors performance and capacity metrics against defined baselines|Notifies relevant parties when capacity thresholds are approaching,"Look for: autoscaling configs, resource quota definitions, load balancer configs, health check and readiness probe definitions, performance threshold alerts in IaC.",autoscaling|capacity|scaling_policy|cpu_threshold|memory_limit|resource_quota|horizontal_pod_autoscaler|load_balancer|target_tracking,config,minReplicas|maxReplicas|targetCPUUtilizationPercentage|min_capacity|max_capacity|desired_capacity|ScaleOutPolicy|TargetValue|performance_threshold,"Confirm autoscaling config defines min/max replicas and CPU/memory thresholds, load balancer present, health probes configured for readiness and liveness.",medium,medium
SOC2,A1,A1.2,Availability,Environmental and Infrastructure Protections,"The entity authorizes, designs, develops or acquires environmental protection controls to meet availability commitments and system requirements.",Implements controls to protect against environmental threats including power loss and hardware failure|Deploys systems across multiple availability zones or regions for redundancy|Implements CDN or edge caching to improve availability under load|Maintains secondary infrastructure capable of assuming primary workload|Monitors environmental controls and infrastructure health continuously,"Look for: multi-region or multi-AZ deployment configs, database replica configs, CDN configs, redundant service definitions in IaC.",multi_az|multi_region|replica|read_replica|standby|cdn|redundancy|availability_zone|failover|rds_multi_az|secondary_region,config,multi_az: true|replica_region|availability_zones|read_replica|standby_instance|cdn_distribution|failover_routing|secondary_region|replication,"Confirm database has multi-AZ or replica config, deployment spans multiple AZs, CDN or failover routing configured in IaC.",medium,high
SOC2,A1,A1.3,Availability,"Backup, Restore, and Recovery Testing",The entity tests recovery plan procedures supporting system recovery to meet its availability commitments and system requirements.,Implements automated backup procedures for critical data and system configurations|Tests the completeness and integrity of backup data periodically|Documents and tests restoration procedures for all critical systems|Defines and tracks recovery time objectives and recovery point objectives|Maintains backup retention periods aligned to business recovery requirements,"Look for: backup retention configs in IaC (RDS, DynamoDB, Supabase), restore scripts, backup schedule definitions, PITR enablement, deletion protection.",backup|restore|snapshot|retention|pitr|point_in_time_recovery|backup_window|backup_retention_period|rto|rpo|deletion_protection,config,backup_retention_period: |preferred_backup_window|deletion_protection: true|pitr_enabled|snapshot_identifier|restore_from_snapshot|backup_schedule|RTO|RPO,"Confirm backup retention >= 7 days, PITR enabled on primary DB, deletion protection active in IaC.",medium,high
SOC2,PI1,PI1.1,Processing Integrity,Complete and Accurate Processing,"The entity obtains or generates, uses, and communicates relevant, quality information regarding the objectives related to processing, including definitions of data processed and product and service specifications.","Defines and documents processing inputs, outputs, and data schemas|Validates incoming API payloads against predefined schemas|Enforces type constraints and format requirements on all data inputs|Communicates processing errors clearly to upstream systems|Monitors processing completeness against defined success metrics","Look for: input schema validation (Pydantic, Joi, Zod, JSON Schema), request payload validation middleware, type enforcement at API boundaries.",schema_validation|pydantic|joi|zod|json_schema|validate|input_validation|type_check|request_body|payload_validation,source_code,pydantic.BaseModel|z.object|Joi.object|ajv.validate|@IsString|@IsEmail|validate(payload)|schema.parse|fastapi.Body|RequestValidator,"Confirm all API endpoints have schema validation on incoming payloads, type errors return 422/400 with structured error, validation is not bypassed in tests.",high,medium
SOC2,PI1,PI1.2,Processing Integrity,System Processing Commitments and Requirements,"The entity implements policies and procedures over system inputs, including those provided by customers and other external parties, to result in products, services, and reporting to meet the entity's objectives.",Implements atomicity controls to ensure multi-step operations complete fully or not at all|Uses database transactions to prevent partial data updates|Implements idempotency keys to prevent duplicate processing of critical operations|Detects and handles race conditions in concurrent data access|Logs all state transitions for critical processing operations,"Look for: database transaction logic, atomicity patterns (try/commit/rollback), idempotency key implementations, duplicate detection, optimistic locking.",transaction|atomic|commit|rollback|idempotency|idempotency_key|deduplication|optimistic_locking|db_transaction|select_for_update,source_code,db.transaction(|await session.commit()|BEGIN TRANSACTION|ROLLBACK|idempotency_key|checkIdempotency|ON CONFLICT DO NOTHING|select_for_update|atomic(,"Verify multi-step data operations use transactions, idempotency keys are checked before processing critical operations, rollback logic is present.",high,high
SOC2,PI1,PI1.3,Processing Integrity,Input Completeness and Accuracy Controls,"The entity implements controls over the completeness and accuracy of inputs to processing. Controls include data sanitization, injection prevention, and error handling for malformed inputs.",Validates completeness and accuracy of all processing inputs before use|Implements parameterized queries or ORM to prevent SQL injection|Sanitizes user-provided content before rendering to prevent XSS|Enforces input length and format constraints to prevent buffer and logic errors|Verifies file integrity using checksums for uploaded or transferred documents,"Look for: SQL injection prevention (parameterized queries/ORM), XSS sanitization, input length/format constraints, file upload validation and checksum verification.",sanitize|parameterized_query|orm|sql_injection|xss|dompurify|escape|checksum|sha256|file_validation|input_length|prepared_statement,source_code,"db.execute(query, params)|DOMPurify.sanitize|escape(|prisma.|sequelize.|sqlalchemy|maxLength|file.mimetype|calculateSHA256|verify_checksum|prepare(","Confirm ORM or parameterized queries for all DB calls (no raw string concat), XSS sanitization on user HTML content, file uploads validated for type and size.",high,high
SOC2,PI1,PI1.4,Processing Integrity,Output Processing and Error Disclosure Controls,"The entity implements policies and procedures to make available or deliver output completely, accurately, and timely in accordance with specifications to meet the entity's objectives. Controls include error masking to prevent internal information disclosure.","Delivers processing outputs that are complete, accurate, and timely|Masks or sanitizes error messages to prevent internal stack trace disclosure|Logs detailed errors internally while returning generic messages externally|Implements global error handling to catch and safely respond to unhandled exceptions|Monitors for unexpected output failures that may indicate processing errors","Look for: global error handler masking stack traces in API responses, generic 500 error message patterns, internal error logging distinct from external error responses.",error_handler|error_masking|generic_error|stack_trace|500_response|global_error|exception_handler|internal_error|sanitize_error,source_code,"catch(err){ return 'Internal Server Error'|app.use((err, req, res|statusCode: 500|message: 'Something went wrong'|sanitize_error|logger.error(err.stack)|global_exception","Confirm global error handler is registered, 500 responses return generic messages not stack traces, stack trace is logged internally but not returned to client.",high,medium
SOC2,PI1,PI1.5,Processing Integrity,Storage and Transmission Integrity Controls,"The entity implements policies and procedures to store and maintain information to meet the entity's objectives. Controls include checksums, hashing for stored sensitive values, and encryption at rest for protected fields.","Stores sensitive credentials using cryptographically strong hashing algorithms (Argon2, bcrypt)|Encrypts sensitive PII fields at the database or application layer|Enables at-rest encryption on all data storage services (databases, object storage)|Manages encryption keys through a dedicated key management service|Verifies integrity of stored data using checksums or hash comparisons","Look for: password hashing (bcrypt, Argon2, PBKDF2), field-level encryption for PII, at-rest encryption configs in IaC (storage_encrypted, SSE), KMS key management.",bcrypt|argon2|pbkdf2|hash|encrypt|field_encryption|storage_encrypted|server_side_encryption|sse|kms|aes_256|key_management,source_code|config,bcrypt.hash|argon2.hash|salt_rounds|encryptField|storage_encrypted: true|server_side_encryption_configuration|sse_algorithm: aws:kms|KMSMasterKeyID|AES256,"Confirm password fields use bcrypt/Argon2 not MD5/SHA1, sensitive PII is encrypted before storage, IaC enables at-rest encryption on DB and object storage.",high,critical
GDPR,Chapter II,Art.5.1c,Data Processing Principles,Data Minimization,"Personal data shall be adequate, relevant and limited to what is necessary in relation to the purposes for which they are processed ('data minimisation'). Controllers must define and enforce minimum necessary data collection at the code level.",Collects only personal data fields necessary for the stated processing purpose|Avoids collecting optional fields that are not used in processing logic|Implements field-level access controls so internal services receive only necessary data|Documents the purpose for each personal data field collected|Removes or anonymizes personal data fields no longer needed for the original purpose,"Look for: data models/schemas that collect only necessary PII fields, API request/response objects that trim unnecessary personal data, data projection patterns (select specific columns), purpose-annotated field definitions.",data_minimization|pii|personal_data|field_selection|data_model|schema|purpose_limitation|select_fields|projection|minimal_fields,source_code,"select(['email', 'id'])|fields: ['name', 'email']|pii_fields|personal_data|data_class|@Column|@Field|schema.only|projection","Verify data model collects only stated necessary fields, API responses project minimal PII, no undocumented PII collection visible in schema or model definitions.",medium,high
GDPR,Chapter II,Art.5.1e,Data Processing Principles,Storage Limitation,Personal data shall be kept in a form which permits identification of data subjects for no longer than is necessary for the purposes for which the personal data are processed ('storage limitation'). Controllers must implement and enforce retention periods.,Defines retention periods for each category of personal data|Implements automated deletion or anonymization of data when retention period expires|Maintains records of data categories and their associated retention schedules|Regularly reviews stored data to confirm continued necessity|Ensures backup and archive systems also respect retention periods,"Look for: retention period constants, scheduled deletion/anonymization jobs, created_at + TTL patterns, soft-delete with expiry, data purge cron jobs.",retention|retention_period|data_retention|purge|ttl|scheduled_deletion|anonymize|expiry|data_lifecycle|cron_delete|soft_delete,source_code|config,RETENTION_DAYS|retention_period|deleteAfter|TTL|purge_old_records|anonymize_expired|cron|scheduled_task|expires_at|soft_delete,"Confirm retention period constants are defined in code, automated deletion or anonymization jobs exist, expiry/TTL fields are present on personal data tables.",high,high
GDPR,Chapter II,Art.5.1f,Data Processing Principles,Integrity and Confidentiality of Personal Data,"Personal data shall be processed in a manner that ensures appropriate security of the personal data, including protection against unauthorised or unlawful processing and against accidental loss, destruction or damage, using appropriate technical or organisational measures ('integrity and confidentiality').",Implements access controls restricting personal data to authorized processors only|Encrypts personal data at rest and in transit|Logs all access and modifications to personal data for auditability|Implements input validation to prevent corruption of personal data|Protects personal data processing systems against unauthorized modification,"Look for: access controls on PII data endpoints, encryption of PII fields in storage, audit logging on personal data reads/writes, input validation on personal data fields.",pii_access_control|encrypt_pii|audit_pii|personal_data_log|integrity|confidentiality|data_protection|access_pii|secure_processing,source_code|config,authorize_pii|encrypt_field|pii_log|personal_data_access|audit_trail|checkPermission|encryptPII|mask_pii|data_access_log,"Verify PII endpoints are gated behind auth and role checks, PII fields are encrypted at rest, access to personal data is audit-logged with user identity.",high,critical
GDPR,Chapter IV,Art.25.1,Privacy by Design and Default,Data Protection by Design,"Taking into account the state of the art and costs of implementation, the controller shall implement appropriate technical and organisational measures designed to implement data-protection principles (such as data minimisation) in an effective manner and to integrate the necessary safeguards into the processing.","Integrates data protection controls into system architecture from the design stage, not as a retrofit|Implements pseudonymisation or tokenization of personal identifiers where functionally possible|Applies data minimization in data model design, collecting only necessary fields|Designs APIs to return minimal personal data appropriate to the consumer's role|Implements privacy-preserving patterns (separate PII stores, tokenization) in data architecture","Look for: pseudonymization patterns, tokenization of PII, separation of identity store from behavioural data, PII-stripped API response shaping, privacy-annotated data models.",pseudonymization|tokenization|pii_separation|privacy_by_design|data_architecture|pii_token|hash_identifier|anonymize|data_model_privacy,source_code,pseudonymize|tokenize|pii_token|hash_user_id|anonymize|separate_pii|identity_store|pii_free|strip_pii|mask_identifier,"Confirm pseudonymization or tokenization is applied to personal identifiers, PII is not unnecessarily propagated through system layers, API responses minimize personal data returned.",medium,high
GDPR,Chapter IV,Art.25.2,Privacy by Design and Default,Data Protection by Default,"The controller shall implement appropriate technical and organisational measures for ensuring that, by default, only personal data which are necessary for each specific purpose of the processing are processed. This applies to the amount of data collected, extent of processing, period of storage, and accessibility.",Configures system defaults to collect minimum personal data rather than requiring users to opt out|Disables optional personal data fields and analytics by default unless user actively consents|Restricts data accessibility to only the internal services that require it for their function|Implements consent-gated data collection where processing relies on consent as a legal basis|Defaults data sharing and third-party integrations to disabled unless explicitly enabled,"Look for: opt-in vs opt-out defaults in feature flags, consent checks before analytics/tracking code, default privacy settings, minimal-by-default API field exposure.",consent|opt_in|opt_out|privacy_default|default_settings|tracking_consent|analytics_consent|feature_flag|gdpr_consent|data_collection_flag,source_code|config,consent_required|hasConsent|opt_in: false|analytics_enabled: false|tracking: false|GDPR_CONSENT|privacy_mode|collect_analytics: false|consent_check,"Confirm analytics/tracking defaults to disabled, consent is checked before any personal data collection, feature flags for optional data collection default to off.",high,high
GDPR,Chapter IV,Art.32.1a,Security of Processing,Pseudonymisation and Encryption of Personal Data,"The controller and processor shall implement appropriate technical measures to ensure a level of security appropriate to the risk, including the pseudonymisation and encryption of personal data.",Encrypts personal data at rest using AES-256 or equivalent strong encryption|Encrypts personal data in transit using TLS 1.2 or higher|Applies pseudonymisation to personal identifiers where full identification is not required for processing|Manages encryption keys separately from the encrypted data|Implements database-level or field-level encryption for sensitive personal data columns,"Look for: field-level encryption on PII columns, encryption at rest in IaC (storage_encrypted, SSE), TLS enforcement configs, password hashing with bcrypt/Argon2, pseudonymization of identifiers.",encrypt_pii|field_encryption|aes_256|storage_encrypted|tls|ssl|bcrypt|argon2|pseudonymize|kms|sse|encrypt_at_rest,source_code|config,encryptPII|storage_encrypted: true|AES256|bcrypt.hash|argon2.hash|minVersion: TLSv1.2|sslmode=require|KMSMasterKeyID|pseudonymize|sse_algorithm,"Verify PII fields encrypted at rest in IaC, TLS enforced on all connections, passwords hashed with strong algorithm, no plaintext PII in database column definitions.",high,critical
GDPR,Chapter IV,Art.32.1b,Security of Processing,"Confidentiality, Integrity, Availability and Resilience","The controller and processor shall implement measures to ensure the ongoing confidentiality, integrity, availability and resilience of processing systems and services handling personal data.",Implements access controls ensuring only authorized users can read or modify personal data|Maintains audit logs of all access and modifications to personal data processing systems|Implements redundancy and failover to ensure continued availability of personal data systems|Tests system resilience periodically to confirm recovery objectives are achievable|Monitors personal data processing systems for availability and integrity anomalies,"Look for: access controls on PII APIs, audit logging on data access, multi-AZ or replica configs for databases holding PII, health check endpoints, integrity check patterns.",confidentiality|integrity|availability|resilience|pii_audit|access_log|multi_az|replica|health_check|data_integrity|availability_monitor,source_code|config,audit_log|access_log|multi_az: true|read_replica|health_check|data_integrity_check|availability_zone|pii_access_audit|checksum|replication,"Confirm audit logging on all PII data access paths, redundancy config (multi-AZ/replica) on database holding PII, health check endpoint reflects system integrity.",high,high
GDPR,Chapter IV,Art.32.1d,Security of Processing,Regular Testing and Evaluation of Security Measures,"The controller and processor shall implement a process for regularly testing, assessing and evaluating the effectiveness of technical and organisational measures for ensuring the security of the processing.",Implements automated security scanning of personal data processing systems in CI/CD pipelines|Performs regular penetration testing targeting systems that process personal data|Maintains a schedule for reviewing and updating security measures|Tracks and remedies security vulnerabilities identified through testing|Documents testing results as evidence of ongoing security evaluation,"Look for: SAST/DAST in CI/CD pipeline, dependency vulnerability scanning, automated security test suite, scheduled security review configs.",security_testing|sast|dast|penetration_test|vulnerability_scan|security_review|automated_test|security_pipeline|ci_security,source_code|config,sast|dast|security_scan|penetration|snyk|trivy|codeql|semgrep|security_test|vulnerability_report|npm audit|pip-audit,"Confirm security scanning tools are present in CI/CD pipeline YAML, scans run on every PR or on a schedule, scan failures block deployment.",high,high
GDPR,Chapter III,Art.17,Data Subject Rights,Right to Erasure (Right to be Forgotten),The data subject shall have the right to obtain from the controller the erasure of personal data concerning him or her without undue delay where one of the defined grounds applies. The controller shall erase personal data without undue delay.,Implements an erasure request endpoint or workflow in the application|Deletes or anonymizes all personal data associated with the data subject across all systems|Propagates erasure requests to downstream services and sub-processors|Logs erasure requests and confirms completion with timestamps|Handles erasure of personal data in backup and archive systems,"Look for: account deletion endpoint, cascading delete logic across related tables, anonymization on deletion, erasure request logging, downstream service notification on erasure.",right_to_erasure|delete_account|erasure_request|right_to_be_forgotten|cascade_delete|anonymize_on_delete|gdpr_delete|user_deletion|purge_pii,source_code,deleteAccount|erasureRequest|right_to_be_forgotten|CASCADE DELETE|anonymize_user|purge_pii|gdpr_erase|delete_all_user_data|erasure_log|notifySubprocessors,"Confirm a deletion/erasure endpoint exists, cascading deletes cover all related personal data tables, erasure is logged with timestamp, downstream services are notified.",high,critical
GDPR,Chapter III,Art.20,Data Subject Rights,Right to Data Portability,"The data subject shall have the right to receive the personal data concerning him or her, which he or she has provided to a controller, in a structured, commonly used and machine-readable format and have the right to transmit those data to another controller.","Implements a data export endpoint that returns personal data in structured machine-readable format (JSON, CSV)|Includes all personal data provided by the data subject in the export|Authenticates and authorizes the portability request to the correct data subject|Delivers the export securely (encrypted download or authenticated endpoint)|Logs portability request fulfillment with timestamps","Look for: data export endpoint, user data download functionality, export to JSON/CSV, authenticated export generation, personal data packaging logic.",data_portability|data_export|export_user_data|download_data|json_export|csv_export|gdpr_export|user_data_package|portability_request,source_code,exportUserData|dataPortability|download_my_data|user_data_export|export_to_json|export_to_csv|gdpr_export|generate_export|portability,"Confirm a data export endpoint exists and returns structured personal data, endpoint requires authentication as the data subject, export covers all personal data fields.",high,high
GDPR,Chapter IV,Art.33,Breach Notification,Notification of Personal Data Breach to Supervisory Authority,"In the case of a personal data breach, the controller shall without undue delay and, where feasible, not later than 72 hours after having become aware of it, notify the personal data breach to the supervisory authority.",Implements detection mechanisms that identify potential personal data breaches|Defines a breach notification workflow with a 72-hour response target|Logs breach detection events with timestamp of discovery|Captures the categories and approximate number of data subjects affected|Implements automated alerting when unauthorized access to personal data is detected,"Look for: breach detection alerts, security event monitoring on PII data access, notification webhook or integration for supervisory authority reporting, breach log data structures.",breach_notification|data_breach|supervisory_authority|72_hour|breach_detection|breach_log|unauthorized_pii_access|breach_alert|incident_pii,source_code|config,breach_notification|data_breach|supervisory_authority|unauthorized_access_pii|breach_detected|breach_log|notify_dpa|72h|breach_alert|pii_breach,"Check for breach detection alerting on unauthorized PII access events, breach notification workflow or runbook in repo, breach log data structure capturing required GDPR fields.",low,critical
GDPR,Chapter IV,Art.32.log,PII Handling and Logging,PII Masking in Logs and Error Outputs,"As part of implementing appropriate technical security measures under Article 32, controllers must ensure personal data is not inadvertently exposed through application logs, error messages, or debugging outputs in violation of the integrity and confidentiality principle.","Implements log masking or redaction for personal data fields before writing to log sinks|Strips or hashes email addresses, phone numbers, and government IDs from log entries|Prevents personal data from appearing in stack traces or error responses returned to clients|Validates that structured logging formatters exclude PII from all log levels|Audits log infrastructure to confirm personal data cannot be recovered from log storage","Look for: PII masking utilities in logging middleware, redaction functions applied before log.write, custom log formatters that strip PII fields, error handler sanitization.",log_redaction|mask_pii|pii_log|sensitive_mask|log_sanitize|redact_email|gdpr_log|strip_pii|log_masking|pii_in_logs,source_code,maskEmail|redact_pii|sanitize_log|mask_sensitive|log_redaction|strip_pii|pii_free_log|[REDACTED]|***|hash_for_log,"Confirm logging middleware or formatter applies PII masking, email/phone/ID fields are redacted or hashed in log output, error responses do not contain personal data.",high,high
GDPR,Chapter IV,Art.32.input,PII Handling and Logging,Input Validation and Injection Prevention for Personal Data,"As part of securing personal data processing under Article 32, controllers must protect personal data processing systems against injection attacks and malformed input that could compromise personal data integrity or enable unauthorized disclosure.",Validates and sanitizes all personal data inputs before processing or storage|Uses parameterized queries or ORM to prevent SQL injection from exposing personal data|Applies XSS sanitization to prevent personal data from being exfiltrated via script injection|Enforces strict content-type validation on personal data upload endpoints|Implements rate limiting on personal data access endpoints to prevent enumeration attacks,"Look for: parameterized queries/ORM usage on PII tables, XSS sanitization for PII rendered in UI, rate limiting on auth and personal data endpoints, input length constraints on PII fields.",pii_input_validation|sql_injection|xss_pii|parameterized_pii|orm_pii|sanitize_pii|rate_limit_pii|input_constraint|content_type_validation,source_code,prisma.|sequelize.|sqlalchemy|DOMPurify|escape(|parameterized|rateLimit|maxLength|content_type|validate_pii|sanitize_input,"Verify ORM or parameterized queries on all queries touching PII tables, XSS sanitization on PII rendered in HTML, rate limiting on login and PII-returning endpoints.",high,high
